Workbook

Sheet 概要
B2: SAO ソードスキル一覧(原作準拠)
B4: 目的 | C4: SAW制作の参考資料として、SAO原作(旧アインクラッド編+プログレッシブ)に登場するソードスキルを武器カテゴリ別に整理したもの。
B5: 対象範囲 | C5: 旧アインクラッド編(原作1・2巻ほか)+ソードアート・オンライン プログレッシブ(1〜7巻)。ALO以降・UW初出の技も、SAO由来設定のものは参考として収録し「範囲判定」列で区別。
B6: 主な出典 | C6: 原作小説各巻、SAOプログレッシブ、マテリアル・エディション(同人設定資料)、SAO Wiki(swordartonline.fandom.com)の巻数照合。
B7: 範囲判定の凡例 | C7: 緑=旧SAO本編/プログレッシブに登場。青=プログレッシブ初出。黄=ALO以降初出(SAO由来とされる技を含む)。橙=ALO限定・UW初出・コラボ等の参考掲載。灰=設定資料のみ。
B8: ヒット数「-」 | C8: 連撃数が不明、または防御・特殊技でヒット数の概念がないもの。
B9: 注意 | C9: ヒット数・挙動は原作描写ベース。ゲーム版(ホロフラ等)の数値とは異なる場合がある。属性配分(物理◯%など)は新生ALO移植後の仕様。
B11: ゲーム出典シート | C11: 「ゲーム出典スキル」シートに、ゲーム版のソードスキルを出典明記のうえ収録。数値(SP・補正・ATK%等)は各ゲームのバランス上の仕様であり、原作設定と混同しないこと。
B12: 収録ゲーム | C12: ①ホロウ・フラグメント(PS Vita/2014、インフィニティ・モーメントの拡張移植。アインクラッド76〜100層が舞台) ②エコーズ オブ アインクラッド(2026、アインクラッド再構築。両手斧の一部は攻略情報未更新)。
B13: 原作との関係の凡例 | C13: 緑=原作にも登場(名称・概念が一致)。黄=原作技のアレンジ(ヒット数・挙動・カテゴリが原作と相違)。橙=ゲームオリジナル技。
B15: 統合一覧の並び順 | C15: 「ソードスキル一覧」は原作技とゲームオリジナル技を統合し、各カテゴリ内を推定習得可能熟練度(1〜1000)の昇順=習得順で表示。ゲームオリジナル技はスキル名を紫字、範囲判定「ゲーム出典」(紫)で区別。
B16: 習得可能熟練度の推定基準 | C16: 原作の武器スキル熟練度0〜1000の設定に準拠した独自推定値。①原作で最初に覚える技(リニアー等)=1 ②基本単発技=1〜100 ③2連撃=100〜250 ④3連撃=250〜450 ⑤4連撃・重単発=400〜600 ⑥5〜6連撃=550〜700 ⑦7〜8連撃=700〜900 ⑧9連撃以上・奥義級=850〜1000。突進・範囲・特殊効果は同格から±50調整。作中の登場時期・「上級」「最上位」等の記述を優先。ゲーム内の習得レベルは採用しない。
B17: 熟練度の注意 | C17: EXスキル(体術・刀)とユニークスキル(二刀流・神聖剣)は取得自体に特殊条件があり、数値は「そのスキル自体の熟練度」内での解禁目安。複合スキルは複数スキルの熟練度を要求する(備考参照)。
B18: 想定武器カテゴリ | C18: 「想定武器カテゴリ」シートに、原作確認済みの武器スキル全種+原作で示唆されるもの+現実の武器体系からの推定カテゴリを収録。ユニークスキル(二刀流・手裏剣術・無限槍・抜刀術・会心撃・暗黒剣・神聖剣の全10種中判明7種)は武器カテゴリとは別軸のため確度欄と備考で扱いを明記。

Sheet ソードスキル一覧
A1: 武器カテゴリ | B1: 習得可能熟練度(推定) | C1: スキル名 | D1: 英名 | E1: ヒット数 | F1: タイプ | G1: モーション・挙動 | H1: 出典 | I1: 範囲判定 | J1: 備考
A2: 片手直剣 | B2: 1 | C2: バーチカル | D2: Vertical | E2: 1 | F2: 斬(縦) | G2: 垂直に振り下ろす基本斬撃。 | H2: 8巻 / プログレッシブ3巻 | I2: 旧SAO/Prog
A3: 片手直剣 | B3: 5 | C3: ホリゾンタル | D3: Horizontal | E3: 1 | F3: 斬(横) | G3: 水平に薙ぐ基本斬撃。 | H3: 8巻 / プログレッシブ3巻 | I3: 旧SAO/Prog
A4: 片手直剣 | B4: 10 | C4: スラント | D4: Slant | E4: 1 | F4: 斬(斜) | G4: 斜めに斬り下ろす基本斬撃。 | H4: 8巻 / プログレッシブ3巻 | I4: 旧SAO/Prog
A5: 片手直剣 | B5: 20 | C5: 上段斬り(アッパーカット) | D5: Uppercut | E5: 1 | F5: 斬(斬上) | G5: 下から斬り上げる単発技。 | H5: 1巻4章 | I5: 旧SAO
A6: 片手直剣 | B6: 30 | C6: レイジ・スパイク | D6: Rage Spike | E6: 1 | F6: 突進 | G6: 敵に跳びかかり斬り上げる基本突進技。射程約10m。 | H6: 1巻 / プログレッシブ1巻 | I6: 旧SAO/Prog | J6: 威力は低め。
A7: 片手直剣 | B7: 50 | C7: ソニック・リープ | D7: Sonic Leap | E7: 1 | F7: 突進 | G7: 突進して打ち下ろす突進斬撃。 | H7: プログレッシブ3巻 | I7: 旧SAO/Prog
A8: 片手直剣 | B8: 60 | C8: ブレイクリフター | D8: - | E8: 1 | F8: 突 | G8: 素早い刺突+ノックバック。 | H8: ゲーム(EoA) | I8: ゲーム出典
A9: 片手直剣 | B9: 80 | C9: バーチカル・アーク | D9: Vertical Arc | E9: 2 | F9: 斬 | G9: V字の軌道を描く二連撃。 | H9: プログレッシブ1巻 / 10巻 | I9: 旧SAO/Prog
A10: 片手直剣 | B10: 100 | C10: ホリゾンタル・アーク | D10: Horizontal Arc | E10: 2 | F10: 斬 | G10: 左→右、返しで右→左の水平二連撃。 | H10: プログレッシブ2巻 | I10: Prog
A11: 片手直剣 | B11: 120 | C11: セレーション・ウェーブ | D11: Serration Wave | E11: 1 | F11: 範囲 | G11: 移動阻害目的の単発AOE。ダメージ極小。 | H11: The Day Before(外伝) | I11: 旧SAO
A12: 片手直剣 | B12: 180 | C12: スネーク・バイト | D12: Snake Bite | E12: 2 | F12: 斬 | G12: 左右連続の振りで相手の武器を狙う。確率で武器破壊。 | H12: 10巻 | I12: ALO以降初出
A13: 片手直剣 | B13: 200 | C13: レイジインパクト | D13: - | E13: 1 | F13: 斬 | G13: 素早い突進からの中範囲強斬撃。 | H13: ゲーム(EoA) | I13: ゲーム出典
A14: 片手直剣 | B14: 250 | C14: シャープ・ネイル | D14: Sharp Nail | E14: 3 | F14: 斬 | G14: 斜め斬上→水平→斜め斬下の三連撃。 | H14: プログレッシブ2巻・3巻 | I14: Prog
A15: 片手直剣 | B15: 300 | C15: サベージ・フルクラム | D15: Savage Fulcrum | E15: 3 | F15: 斬 | G15: 数字の「4」を描く軌道の三連撃。 | H15: 8巻 | I15: ALO以降初出
A16: 片手直剣 | B16: 400 | C16: バーチカル・スクエア | D16: Vertical Square | E16: 4 | F16: 斬 | G16: 正方形の軌道を描く中級四連撃。 | H16: 1巻9章 | I16: 旧SAO
A17: 片手直剣 | B17: 420 | C17: ホリゾンタル・スクエア | D17: Horizontal Square | E17: 4 | F17: 斬 | G17: 菱形の軌道を描く中級四連撃。 | H17: プログレッシブ3巻 | I17: 旧SAO/Prog
A18: 片手直剣 | B18: 550 | C18: ヴォーパル・ストライク | D18: Vorpal Strike | E18: 1 | F18: 突 | G18: 刃渡り2倍リーチの高威力重突き。クールタイム長。 | H18: 2巻 | I18: 旧SAO
A19: 片手直剣 | B19: 650 | C19: スター・Q・プロミネンス | D19: - | E19: 6 | F19: 突 | G19: 六連突き(ダブルATK)。 | H19: ゲーム(HF) | I19: ゲーム出典
A20: 片手直剣 | B20: 700 | C20: カーネージ・アライアンス | D20: - | E20: 6 | F20: 斬 | G20: 六連撃+PT支援効果。 | H20: ゲーム(HF) | I20: ゲーム出典 | J20: 実装エレメント調査で解放。
A21: 片手直剣 | B21: 750 | C21: デッドリー・シンズ | D21: Deadly Sins | E21: 7 | F21: 斬 | G21: 多様な斬撃+全周回転+後方宙返りの七連撃。 | H21: 7巻 | I21: ALO以降初出
A22: 片手直剣 | B22: 800 | C22: ハウリング・オクターブ | D22: Howling Octave | E22: 8 | F22: 突+斬 | G22: 高速五連突き→斬下→斬上→全力打ち下ろしの八連撃。 | H22: 8巻 | I22: 旧SAO由来(初出はALO)
A23: 片手直剣 | B23: 850 | C23: ライトニング・フォール | D23: Lightning Fall | E23: 1 | F23: 範囲 | G23: 跳躍から剣を地面へ突き立て全方位に電撃を放つ重範囲技。 | H23: 8巻 | I23: ALO限定 | J23: 参考掲載。
A24: 片手直剣 | B24: 900 | C24: ファントム・レイブ | D24: - | E24: 6 | F24: 斬 | G24: 高速六連撃の奥義級スキル。 | H24: ゲーム(HF) | I24: ゲーム出典
A25: 片手直剣 | B25: 950 | C25: ノヴァ・アセンション | D25: Nova Ascension | E25: 10 | F25: 連撃 | G25: 片手直剣カテゴリ最上位級の十連撃。 | H25: 14巻 | I25: UW初出 | J25: 参考掲載。
A26: 曲刀 | B26: 10 | C26: リーバー | D26: Reaver | E26: 1 | F26: 斬 | G26: 曲刀の基本単発技。 | H26: 1巻2章 | I26: 旧SAO
A27: 曲刀 | B27: 150 | C27: デス・クリープ | D27: - | E27: 1 | F27: 斬 | G27: 高威力の単発範囲斬撃。 | H27: ゲーム(HF) | I27: ゲーム出典
A28: 曲刀 | B28: 300 | C28: フェル・クレセント | D28: Fell Crescent | E28: 1 | F28: 突進 | G28: 0.4秒で4mを踏み込み打ち下ろす上級突進技。 | H28: 1巻(アリア) | I28: 旧SAO/Prog
A29: 曲刀 | B29: 350 | C29: オーバル・クレセント | D29: - | E29: 3 | F29: 斬 | G29: 楕円軌道の三連範囲斬撃。 | H29: ゲーム(HF) | I29: ゲーム出典
A30: 曲刀 | B30: 450 | C30: ファラント・フルムーン | D30: - | E30: 4 | F30: 斬 | G30: 円月軌道の四連撃。 | H30: ゲーム(HF) | I30: ゲーム出典
A31: 曲刀 | B31: 500 | C31: レイジング・チョッパー | D31: - | E31: 4 | F31: 斬 | G31: 高命中の四連斬撃。 | H31: ゲーム(HF) | I31: ゲーム出典
A32: 曲刀 | B32: 550 | C32: ミリー・スラッシュ | D32: - | E32: 4 | F32: 斬 | G32: 重い四連斬撃。 | H32: ゲーム(HF) | I32: ゲーム出典
A33: 曲刀 | B33: 600 | C33: ベア・ノック | D33: - | E33: 4 | F33: 打 | G33: 範囲を薙ぐ重打撃四連。 | H33: ゲーム(HF) | I33: ゲーム出典
A34: 曲刀 | B34: 650 | C34: ダンシング・ヘルレイザー | D34: - | E34: 4 | F34: 斬 | G34: 舞うような高速四連撃。 | H34: ゲーム(HF) | I34: ゲーム出典
A35: 曲刀 | B35: 700 | C35: スラッシング・レイ | D35: Slashing Ray | E35: - | F35: 斬 | G35: 曲刀の上級技。詳細描写少。 | H35: プログレッシブ7巻 | I35: Prog
A36: 曲刀 | B36: 750 | C36: マーサクル・リッパー | D36: - | E36: 4 | F36: 斬 | G36: リスク低減効果を持つ四連撃。 | H36: ゲーム(HF) | I36: ゲーム出典 | J36: 実装エレメント調査で解放。
A37: 曲刀 | B37: 950 | C37: レギオン・デストロイヤー | D37: - | E37: 7 | F37: 斬 | G37: 七連撃の奥義級スキル。 | H37: ゲーム(HF) | I37: ゲーム出典
A38: 短剣 | B38: 10 | C38: ウィップスナップ | D38: - | E38: 1 | F38: 斬 | G38: 後退しながらの斬撃。 | H38: ゲーム(EoA) | I38: ゲーム出典
A39: 短剣 | B39: 150 | C39: ケイナイン | D39: Canine | E39: 1 | F39: 突 | G39: 斬り上げるような上方向への突き。 | H39: 21巻 | I39: UW初出 | J39: 参考掲載。
A40: 短剣 | B40: 180 | C40: サイド・バイト | D40: - | E40: 2 | F40: 斬 | G40: 左右からの二連撃。 | H40: ゲーム(HF) | I40: ゲーム出典
A41: 短剣 | B41: 200 | C41: ラピッド・バイト | D41: Rapid Bite | E41: 1 | F41: 突進 | G41: 中級の突進型短剣技。 | H41: 2巻(黒の剣士) | I41: 旧SAO
A42: 短剣 | B42: 220 | C42: クロス・エッジ | D42: - | E42: 2 | F42: 斬 | G42: 十字を描く二連撃。 | H42: ゲーム(HF) | I42: ゲーム出典
A43: 短剣 | B43: 250 | C43: ラウンド・アクセル | D43: - | E43: 2 | F43: 斬 | G43: 回り込みながらの二連範囲撃。 | H43: ゲーム(HF) | I43: ゲーム出典
A44: 短剣 | B44: 300 | C44: ライトニングレイ | D44: - | E44: 1 | F44: 突進 | G44: 素早い突進からの一撃。 | H44: ゲーム(EoA) | I44: ゲーム出典
A45: 短剣 | B45: 350 | C45: トライ・ピアース | D45: - | E45: 3 | F45: 突 | G45: 三連突き。 | H45: ゲーム(HF) | I45: ゲーム出典
A46: 短剣 | B46: 400 | C46: シャドウ・ステッチ | D46: - | E46: 3 | F46: 打 | G46: 影を縫うような三連打(麻痺付与)。 | H46: ゲーム(HF) | I46: ゲーム出典
A47: 短剣 | B47: 450 | C47: ファッド・エッジ | D47: Fad Edge | E47: 4 | F47: 突 | G47: 高速四連撃(原作では詳細不明の技)。 | H47: 2巻(黒の剣士) | I47: 旧SAO | J47: 綴りは作者ツイートで言及。
A48: 短剣 | B48: 500 | C48: ストライクレイン | D48: - | E48: 5 | F48: 投擲 | G48: 5本のナイフを投擲。 | H48: ゲーム(EoA) | I48: ゲーム出典
A49: 短剣 | B49: 550 | C49: ホーネットスワーム | D49: - | E49: 3 | F49: 投擲 | G49: 最大3標的へのホーミング投擲。 | H49: ゲーム(EoA) | I49: ゲーム出典
A50: 短剣 | B50: 600 | C50: インフィニット | D50: - | E50: 5 | F50: 突 | G50: 重い五連突き。 | H50: ゲーム(HF) | I50: ゲーム出典
A51: 短剣 | B51: 620 | C51: スパイラルライザー | D51: - | E51: 連 | F51: 斬 | G51: 跳び上がっての連続回転斬り。 | H51: ゲーム(EoA) | I51: ゲーム出典
A52: 短剣 | B52: 650 | C52: タービュランス | D52: - | E52: 連 | F52: 斬 | G52: 移動可能な連続回転斬り。 | H52: ゲーム(EoA) | I52: ゲーム出典
A53: 短剣 | B53: 750 | C53: グラヴィティマグナム | D53: - | E53: 4 | F53: 突 | G53: 背面特効の四連突き。 | H53: ゲーム(HF) | I53: ゲーム出典 | J53: 実装エレメント調査で解放。
A54: 短剣 | B54: 850 | C54: アクセル・レイド | D54: - | E54: 9 | F54: 斬 | G54: 超高速の九連撃。 | H54: ゲーム(HF) | I54: ゲーム出典
A55: 短剣 | B55: 950 | C55: エターナル・サイクロン | D55: - | E55: 4 | F55: 突 | G55: 四連突きの奥義級スキル。 | H55: ゲーム(HF) | I55: ゲーム出典
A56: 細剣 | B56: 1 | C56: リニアー | D56: Linear | E56: 1 | F56: 突 | G56: 一点を高速で突く、最初に覚える基本技。 | H56: プログレッシブ1巻・3巻 | I56: 旧SAO/Prog | J56: アスナの代名詞的スキル。
A57: 細剣 | B57: 30 | C57: ストリーク | D57: Streak | E57: 1 | F57: 斬 | G57: 斜めの基本斬撃。 | H57: プログレッシブ3巻 | I57: Prog
A58: 細剣 | B58: 40 | C58: アヴォーヴ | D58: - | E58: 1 | F58: 斬 | G58: スタン付与の単発斬撃。 | H58: ゲーム(HF) | I58: ゲーム出典 | J58: IM由来。
A59: 細剣 | B59: 60 | C59: オブリーク | D59: Oblique | E59: 1 | F59: 突 | G59: 低い突き。短射程だが体重が乗り高威力。 | H59: プログレッシブ2巻・3巻 | I59: Prog
A60: 細剣 | B60: 80 | C60: パイルステップ | D60: - | E60: 1 | F60: 突 | G60: 突進突き+後方ステップ。 | H60: ゲーム(EoA) | I60: ゲーム出典
A61: 細剣 | B61: 100 | C61: フォーリウム | D61: Folium | E61: 1 | F61: 斬 | G61: 筆記体「l」の軌道を描く斬り上げ。 | H61: プログレッシブ5巻 | I61: Prog
A62: 細剣 | B62: 120 | C62: スウィープ | D62: - | E62: 2 | F62: 斬 | G62: 薙ぎ払いの二連範囲撃。 | H62: ゲーム(HF) | I62: ゲーム出典 | J62: IM由来。
A63: 細剣 | B63: 130 | C63: リップ・ラヴィーネ | D63: - | E63: 2 | F63: 斬 | G63: 攻撃速度を削ぐ二連撃。 | H63: ゲーム(HF) | I63: ゲーム出典 | J63: IM由来。
A64: 細剣 | B64: 150 | C64: パラレル・スティング | D64: Parallel Sting | E64: 2 | F64: 突 | G64: 平行二連突き。 | H64: プログレッシブ1巻・3巻・4巻 | I64: Prog
A65: 細剣 | B65: 200 | C65: ダイアゴナル・スティング | D65: Diagonal Sting | E65: 2 | F65: 突 | G65: 舞踏的な予備動作から高低の二連突き。 | H65: プログレッシブ4巻 | I65: Prog
A66: 細剣 | B66: 250 | C66: シューティング・スター | D66: Shooting Star | E66: 1 | F66: 突進 | G66: 空中でも使用可能な突進技。 | H66: プログレッシブ1巻・5巻 | I66: Prog
A67: 細剣 | B67: 300 | C67: アクセル・スタブ | D67: - | E67: 3 | F67: 突 | G67: 加速する三連突き。 | H67: ゲーム(HF) | I67: ゲーム出典
A68: 細剣 | B68: 320 | C68: ペネトレイト | D68: - | E68: 3 | F68: 突 | G68: 防御を削ぐ三連突き。 | H68: ゲーム(HF) | I68: ゲーム出典
A69: 細剣 | B69: 350 | C69: トライアンギュラー | D69: Triangular | E69: 3 | F69: 突 | G69: 強力な三連撃。 | H69: プログレッシブ4巻・5巻 | I69: Prog
A70: 細剣 | B70: 400 | C70: デルタ・アタック | D70: - | E70: 3 | F70: 斬 | G70: 三角軌道の範囲重攻撃。 | H70: ゲーム(HF) | I70: ゲーム出典
A71: 細剣 | B71: 450 | C71: カドラプル・ペイン | D71: Quadruple Pain | E71: 4 | F71: 突 | G71: 対象を拘束する高速四連突き。 | H71: 7巻 / ME16 | I71: 旧SAO由来
A72: 細剣 | B72: 480 | C72: ランブルホーン | D72: - | E72: 4 | F72: 突 | G72: 広範囲の四連突き。 | H72: ゲーム(EoA) | I72: ゲーム出典
A73: 細剣 | B73: 500 | C73: ファントムスラスト | D73: - | E73: 4 | F73: 斬 | G73: 正面広範囲を高速で切り抜ける。 | H73: ゲーム(EoA) | I73: ゲーム出典
A74: 細剣 | B74: 550 | C74: スピカ・キャリバー | D74: - | E74: 5 | F74: 突 | G74: 重突進の五連撃。 | H74: ゲーム(HF) | I74: ゲーム出典
A75: 細剣 | B75: 600 | C75: ニュートロン | D75: Neutron | E75: 5 | F75: 突 | G75: 発動最速級の上位五連突き。 | H75: 8巻 | I75: ALO以降初出
... A77: 細剣 | B77: 800 | C77: スター・スプラッシュ | D77: Star Splash | E77: 8 | F77: 突 | G77: 上位の八連突き。 | H77: 6巻 | I77: 旧SAO由来(初出はALO)
A78: 細剣 | B78: 850 | C78: クルーシフィクション | D78: Crucifixion | E78: 6 | F78: 突 | G78: 縦三連+横三連で十字を描く六連撃。 | H78: 14巻 | I78: UW初出 | J78: 参考掲載。
A79: 細剣 | B79: 880 | C79: ヴァルキリー・ナイツ | D79: - | E79: 9 | F79: 突 | G79: 多段多重の九連突き。 | H79: ゲーム(HF) | I79: ゲーム出典 | J79: 実装エレメント調査で解放。
A80: 細剣 | B80: 950 | C80: オーバーラジェーション | D80: - | E80: 10 | F80: 突 | G80: 重い十連突き。 | H80: ゲーム(HF) | I80: ゲーム出典 | J80: IM由来。
A81: 両手剣 | B81: 50 | C81: カスケード | D81: Cascade | E81: 1 | F81: 斬 | G81: 頭上からの打ち下ろし。 | H81: プログレッシブ4巻 | I81: Prog
A82: 両手剣 | B82: 150 | C82: サイクロン | D82: Cyclone | E82: 1 | F82: 斬 | G82: 回転斬り。 | H82: 10巻 | I82: 旧SAO由来
A83: 両手剣 | B83: 200 | C83: カタラクト | D83: Cataract | E83: 2 | F83: 斬 | G83: 二連撃。 | H83: プログレッシブ4巻 | I83: Prog
A84: 両手剣 | B84: 250 | C84: ブラスト | D84: - | E84: 2 | F84: 斬 | G84: 全方位の二連範囲撃。 | H84: ゲーム(HF) | I84: ゲーム出典
A85: 両手剣 | B85: 280 | C85: ブレイブリープ | D85: - | E85: 3 | F85: 斬 | G85: 跳躍→突き降ろし→衝撃波の三連。 | H85: ゲーム(EoA) | I85: ゲーム出典
A86: 両手剣 | B86: 300 | C86: バックラッシュ | D86: Back Rush | E86: 1 | F86: 斬 | G86: 背後を取られた際に反転して放つカウンター。 | H86: 14巻 | I86: UW初出 | J86: 参考掲載。
A87: 両手剣 | B87: 320 | C87: イラプション | D87: - | E87: 2 | F87: 斬 | G87: 噴火のような二連範囲撃。 | H87: ゲーム(HF) | I87: ゲーム出典
A88: 両手剣 | B88: 350 | C88: テンペスト | D88: - | E88: 1 | F88: 斬 | G88: カウンター性能を持つ範囲斬撃。 | H88: ゲーム(HF) | I88: ゲーム出典
A89: 両手剣 | B89: 380 | C89: トーレント | D89: - | E89: 1 | F89: 打 | G89: 突進柄突き。溜めで切り上げ追撃。 | H89: ゲーム(EoA) | I89: ゲーム出典
A90: 両手剣 | B90: 400 | C90: スコッピード | D90: - | E90: 3 | F90: 打 | G90: 三連の範囲打撃。 | H90: ゲーム(HF) | I90: ゲーム出典
A91: 両手剣 | B91: 450 | C91: ライトニング | D91: - | E91: 4 | F91: 斬 | G91: 四連の範囲斬撃。 | H91: ゲーム(HF) | I91: ゲーム出典
A92: 両手剣 | B92: 480 | C92: ピアシングブラスト | D92: - | E92: 2 | F92: 突 | G92: 突進突きでホールド→追撃。 | H92: ゲーム(EoA) | I92: ゲーム出典
A93: 両手剣 | B93: 500 | C93: アバランシュ | D93: Avalanche | E93: 1 | F93: 斬 | G93: 上段の構えから斬り下ろす上級の強斬撃。 | H93: 1巻7章 | I93: 旧SAO
A94: 両手剣 | B94: 550 | C94: ブルータルファング | D94: - | E94: 4 | F94: 斬 | G94: 広範囲の四連撃。 | H94: ゲーム(EoA) | I94: ゲーム出典
A95: 両手剣 | B95: 600 | C95: ファイトブレイド | D95: - | E95: 6 | F95: 打 | G95: 六連の範囲打撃。 | H95: ゲーム(HF) | I95: ゲーム出典
A96: 両手剣 | B96: 700 | C96: アストラル・ヘル | D96: - | E96: 7 | F96: 斬 | G96: 七連の範囲斬撃。 | H96: ゲーム(HF) | I96: ゲーム出典
A97: 両手剣 | B97: 800 | C97: バーチカル・バスター | D97: - | E97: 1 | F97: 斬 | G97: 限界まで溜めた超威力の垂直斬り。 | H97: ゲーム(EoA) | I97: ゲーム出典
A98: 両手剣 | B98: 850 | C98: ラストアーク・リベンジャー | D98: - | E98: 8 | F98: 斬 | G98: HP半減と引き換えの八連撃(吸収/反射)。 | H98: ゲーム(HF) | I98: ゲーム出典 | J98: 実装エレメント調査で解放。
A99: 両手剣 | B99: 950 | C99: カラミティ・ディザスター | D99: - | E99: 6 | F99: 斬 | G99: 六連撃の奥義級スキル。 | H99: ゲーム(HF) | I99: ゲーム出典
A100: 片手斧 | B100: 100 | C100: ダブル・クリーブ | D100: Double Cleave | E100: 2 | F100: 斬 | G100: 二連撃。 | H100: プログレッシブ2巻 | I100: Prog
A101: 両手斧 | B101: 30 | C101: ワールウインド | D101: Whirlwind | E101: 1 | F101: 斬 | G101: 回転しながら薙ぎ払う基本技。 | H101: 1巻 / プログレッシブ1巻 | I101: 旧SAO/Prog
...

Sheet カテゴリ別サマリ
A1: 武器カテゴリ | B1: 収録数 | C1: うちゲーム出典
A2: 片手直剣 | B2: =COUNTIF(ソードスキル一覧!$A$2:$A$186,A2) -> 24 | C2: =COUNTIFS(ソードスキル一覧!$A$2:$A$186,A2,ソードスキル一覧!$I$2:$I$186,"ゲーム出典") -> 5
A3: 曲刀 | B3: =COUNTIF(ソードスキル一覧!$A$2:$A$186,A3) -> 12 | C3: =COUNTIFS(ソードスキル一覧!$A$2:$A$186,A3,ソードスキル一覧!$I$2:$I$186,"ゲーム出典") -> 9
A4: 短剣 | B4: =COUNTIF(ソードスキル一覧!$A$2:$A$186,A4) -> 18 | C4: =COUNTIFS(ソードスキル一覧!$A$2:$A$186,A4,ソードスキル一覧!$I$2:$I$186,"ゲーム出典") -> 15
A5: 細剣 | B5: =COUNTIF(ソードスキル一覧!$A$2:$A$186,A5) -> 25 | C5: =COUNTIFS(ソードスキル一覧!$A$2:$A$186,A5,ソードスキル一覧!$I$2:$I$186,"ゲーム出典") -> 12
A6: 両手剣 | B6: =COUNTIF(ソードスキル一覧!$A$2:$A$186,A6) -> 19 | C6: =COUNTIFS(ソードスキル一覧!$A$2:$A$186,A6,ソードスキル一覧!$I$2:$I$186,"ゲーム出典") -> 14
A7: 片手斧 | B7: =COUNTIF(ソードスキル一覧!$A$2:$A$186,A7) -> 1 | C7: =COUNTIFS(ソードスキル一覧!$A$2:$A$186,A7,ソードスキル一覧!$I$2:$I$186,"ゲーム出典") -> 0
A8: 両手斧 | B8: =COUNTIF(ソードスキル一覧!$A$2:$A$186,A8) -> 19 | C8: =COUNTIFS(ソードスキル一覧!$A$2:$A$186,A8,ソードスキル一覧!$I$2:$I$186,"ゲーム出典") -> 18
A9: 片手棍 | B9: =COUNTIF(ソードスキル一覧!$A$2:$A$186,A9) -> 20 | C9: =COUNTIFS(ソードスキル一覧!$A$2:$A$186,A9,ソードスキル一覧!$I$2:$I$186,"ゲーム出典") -> 20
A10: 槍 | B10: =COUNTIF(ソードスキル一覧!$A$2:$A$186,A10) -> 11 | C10: =COUNTIFS(ソードスキル一覧!$A$2:$A$186,A10,ソードスキル一覧!$I$2:$I$186,"ゲーム出典") -> 10
A11: 投剣 | B11: =COUNTIF(ソードスキル一覧!$A$2:$A$186,A11) -> 1 | C11: =COUNTIFS(ソードスキル一覧!$A$2:$A$186,A11,ソードスキル一覧!$I$2:$I$186,"ゲーム出典") -> 0
A12: 体術(EX) | B12: =COUNTIF(ソードスキル一覧!$A$2:$A$186,A12) -> 5 | C12: =COUNTIFS(ソードスキル一覧!$A$2:$A$186,A12,ソードスキル一覧!$I$2:$I$186,"ゲーム出典") -> 0
A13: 刀(EX) | B13: =COUNTIF(ソードスキル一覧!$A$2:$A$186,A13) -> 12 | C13: =COUNTIFS(ソードスキル一覧!$A$2:$A$186,A13,ソードスキル一覧!$I$2:$I$186,"ゲーム出典") -> 5
... A17: 複合(片手剣+体術) | B17: =COUNTIF(ソードスキル一覧!$A$2:$A$186,A17) -> 2 | C17: =COUNTIFS(ソードスキル一覧!$A$2:$A$186,A17,ソードスキル一覧!$I$2:$I$186,"ゲーム出典") -> 0
A18: 合計 | B18: =SUM(B2:B17) -> 185 | C18: =SUM(C2:C17) -> 118

Sheet 想定武器カテゴリ
A1: 凡例: ◎=原作で武器スキルとして確認 / ◯=原作で装備・使用が示唆 / △=推定(蓋然性高) / ▲=推定(要検討) / ✕=非実装が示唆
A2: 区分 | B2: カテゴリ名 | C2: 想定される現実の武器例 | D2: 確度 | E2: 根拠 | F2: タイプ傾向 | G2: SAW設計メモ
A3: 片手武器 | B3: 片手用直剣 | C3: ロングソード、ブロードソード、グラディウス、スパタ | D3: ◎ | E3: キリトの主武器。武器スキルとして明言。 | F3: 斬・突 | G3: 基準カテゴリ。細剣・両手剣の解禁前提スキル。
A4: 片手武器 | B4: 細剣 | C4: レイピア、エストック、スモールソード | D4: ◎ | E4: アスナの主武器。片手直剣の熟練で出現。 | F4: 突 | G4: 突き特化。エストックなら突き技のみ流用可(原作言及)。
A5: 片手武器 | B5: 片手用曲刀 | C5: シミター、サーベル、カットラス、ファルシオン、ダオ | D5: ◎ | E5: 武器スキルとして明言。熟練で刀が出現。 | F5: 斬 | G5: 斬撃特化。刀への中継カテゴリ。
A6: 片手武器 | B6: 短剣 | C6: ダガー、ナイフ、ダーク、クリス、タントー | D6: ◎ | E6: 武器スキルとして明言。 | F6: 突・斬 | G6: 手数・隠密系と好相性。
A7: 片手武器 | B7: 鎧通し | C7: スティレット、メイルブレイカー、パンツァーシュテッヒャー | D7: ◎ | E7: 武器スキル「鎧通し(アーマーピアーズ)」として設定資料に記載。 | F7: 突 | G7: 防御無視・急所特化のニッチカテゴリ。
A8: 片手武器 | B8: 片手棍 | C8: メイス、ウォーハンマー(片手)、モーニングスター | D8: ◎ | E8: 武器スキル「片手棍(片手用戦槌)」として明言。 | F8: 打 | G8: スタン・体勢崩し特化。
A9: 片手武器 | B9: 片手斧 | C9: ハンドアックス、トマホーク | D9: ◎ | E9: 武器スキルとして明言。ダブル・クリーブが原作登場。 | F9: 斬 | G9: 重斬撃。投斧との複合の余地。
A10: 片手武器 | B10: 片手槍 | C10: ショートスピア | D10: ◎ | E10: 武器スキルとして設定資料に記載。 | F10: 突 | G10: 盾との併用前提の中リーチ。
A11: 片手武器 | B11: 片手突撃槍 | C11: ランス(片手)、カヴァルリーランス | D11: ◎ | E11: 武器スキルとして設定資料に記載。 | F11: 突 | G11: 突進技特化。移動速度依存の威力補正が似合う。
A12: 片手武器 | B12: 爪 | C12: クロー、バグナウ、鉄爪 | D12: ◎ | E12: 武器スキル「爪」として設定資料に記載。 | F12: 斬 | G12: 連撃・出血特化。体術との複合候補。
A13: 両手武器 | B13: 両手用直剣 | C13: ツーハンデッドソード、クレイモア、ツヴァイヘンダー | D13: ◎ | E13: 武器スキルとして明言。片手直剣の熟練で出現。 | F13: 斬 | G13: 高威力・高硬直。
... A46: 参考(非実装) | B46: 銃・火器 | C46: マスケット等 | D46: ✕ | E46: 世界観外(GGOの領分)。 | F46: 射撃 | G46: 収録外。比較参照用。
A48: 確度別集計
A49: ◎ | B49: =COUNTIF($D$3:$D$46,"◎") -> 19
A50: ◯ | B50: =COUNTIF($D$3:$D$46,"◯") -> 4
A51: △ | B51: =COUNTIF($D$3:$D$46,"△") -> 10
A52: ▲ | B52: =COUNTIF($D$3:$D$46,"▲") -> 8
A53: ✕ | B53: =COUNTIF($D$3:$D$46,"✕") -> 3
A54: 合計 | B54: =SUM(B49:B53) -> 44

Sheet ゲーム出典スキル
A1: 出典ゲーム | B1: 武器カテゴリ | C1: スキル名 | D1: 属性 | E1: ヒット数 | F1: 消費SP | G1: 効果・挙動 | H1: 原作との関係 | I1: 備考
A2: ホロウ・フラグメント(2014/Vita) | B2: 短剣 | C2: アーマー・ピアス | D2: 突 | E2: 1 | F2: 100 | G2: DEX50%補正。高命中、防御力DW付与。 | H2: ゲームオリジナル | I2: 名称は原作の武器スキル「鎧通し」由来。
A3: ホロウ・フラグメント(2014/Vita) | B3: 短剣 | C3: サイド・バイト | D3: 斬 | E3: 2 | F3: 100 | G3: DEX40%+AGI40%補正。稀に束縛付与。 | H3: ゲームオリジナル
A4: ホロウ・フラグメント(2014/Vita) | B4: 短剣 | C4: ラウンド・アクセル | D4: 斬 | E4: 2 | F4: 100 | G4: STR40%+DEX50%補正。高命中の範囲技。 | H4: ゲームオリジナル
A5: ホロウ・フラグメント(2014/Vita) | B5: 短剣 | C5: クロス・エッジ | D5: 斬 | E5: 2 | F5: 100 | G5: DEX100%補正。高命中、DEX低下付与。 | H5: ゲームオリジナル
A6: ホロウ・フラグメント(2014/Vita) | B6: 短剣 | C6: ラピッド・バイト | D6: 突 | E6: 2 | F6: 100 | G6: DEX110%補正。高命中、VIT低下付与。 | H6: 原作技のアレンジ | I6: 原作では1ヒットの中級突進技。
A7: ホロウ・フラグメント(2014/Vita) | B7: 短剣 | C7: トライ・ピアース | D7: 突 | E7: 3 | F7: 100 | G7: DEX120%補正。高命中、AGI低下付与。 | H7: ゲームオリジナル
A8: ホロウ・フラグメント(2014/Vita) | B8: 短剣 | C8: ファッド・エッジ | D8: 突 | E8: 4 | F8: 100 | G8: DEX90%+AGI20%補正。高命中、出血付与。 | H8: 原作技のアレンジ | I8: 原作では詳細不明の技を4連撃として具体化。
A9: ホロウ・フラグメント(2014/Vita) | B9: 短剣 | C9: インフィニット | D9: 突 | E9: 5 | F9: 100 | G9: AGI90%補正。高命中の重攻撃技、STR低下付与。 | H9: ゲームオリジナル
A10: ホロウ・フラグメント(2014/Vita) | B10: 短剣 | C10: シャドウ・ステッチ | D10: 打 | E10: 3 | F10: 100 | G10: STR40%+DEX80%補正。高命中、麻痺付与。 | H10: ゲームオリジナル
A11: ホロウ・フラグメント(2014/Vita) | B11: 短剣 | C11: アクセル・レイド | D11: 斬 | E11: 9 | F11: 100 | G11: AGI80%+VIT50%補正。超高命中、命中DW付与。 | H11: ゲームオリジナル | I11: HF新規スキル。
A12: ホロウ・フラグメント(2014/Vita) | B12: 短剣 | C12: グラヴィティマグナム | D12: 突 | E12: 4 | F12: 100 | G12: DEX140%補正。背面攻撃量増加、自身防御DW。 | H12: ゲームオリジナル | I12: 実装エレメント調査で解放。
A13: ホロウ・フラグメント(2014/Vita) | B13: 短剣 | C13: エターナル・サイクロン | D13: 突 | E13: 4 | F13: 150 | G13: DEX120%+AGI50%補正。奥義技。 | H13: ゲームオリジナル
A14: ホロウ・フラグメント(2014/Vita) | B14: 片手剣 | C14: ソニック・リープ | D14: 斬 | E14: 1 | F14: 100 | G14: AGI40%補正。稀に束縛付与。 | H14: 原作にも登場
A15: ホロウ・フラグメント(2014/Vita) | B15: 片手剣 | C15: ヴォーパル・ストライク | D15: 突 | E15: 3 | F15: 100 | G15: STR30%+AGI30%補正。高命中の範囲技。 | H15: 原作技のアレンジ | I15: 原作では1ヒットの重突き。
A16: ホロウ・フラグメント(2014/Vita) | B16: 片手剣 | C16: スラント | D16: 斬 | E16: 1 | F16: 100 | G16: STR40%+AGI40%補正。暗闇Lv2付与。 | H16: 原作にも登場
A17: ホロウ・フラグメント(2014/Vita) | B17: 片手剣 | C17: ホリゾンタル | D17: 斬 | E17: 1 | F17: 100 | G17: STR40%+DEX40%補正。範囲技、稀に束縛付与。 | H17: 原作にも登場
A18: ホロウ・フラグメント(2014/Vita) | B18: 片手剣 | C18: バーチカル | D18: 斬 | E18: 1 | F18: 100 | G18: STR40%+VIT40%補正。高命中、低スタン。 | H18: 原作にも登場
A19: ホロウ・フラグメント(2014/Vita) | B19: 片手剣 | C19: スター・Q・プロミネンス | D19: 突 | E19: 6 | F19: 100 | G19: STR40%+DEX30%補正。ダブルATK。 | H19: ゲームオリジナル
A20: ホロウ・フラグメント(2014/Vita) | B20: 片手剣 | C20: ホリゾンタル・スクエア | D20: 斬 | E20: 4 | F20: 100 | G20: 全ステータス30%補正。高命中、防御力DW付与。 | H20: 原作にも登場
A21: ホロウ・フラグメント(2014/Vita) | B21: 片手剣 | C21: バーチカル・スクエア | D21: 斬 | E21: 4 | F21: 100 | G21: STR30%+DEX50%補正。高麻痺付与。 | H21: 原作にも登場
A22: ホロウ・フラグメント(2014/Vita) | B22: 片手剣 | C22: サベージ・フルクラム | D22: 斬 | E22: 4 | F22: 100 | G22: 全ステータス60%補正。攻撃&防御力DW。 | H22: 原作技のアレンジ | I22: HF新規。原作(ALO)では3連撃。
A23: ホロウ・フラグメント(2014/Vita) | B23: 片手剣 | C23: メテオ・ブレイク | D23: 打 | E23: 3 | F23: 100 | G23: STR50%+VIT40%補正。重攻撃技。 | H23: 原作技のアレンジ | I23: 原作では体術との複合7連撃。
A24: ホロウ・フラグメント(2014/Vita) | B24: 片手剣 | C24: カーネージ・アライアンス | D24: 斬 | E24: 6 | F24: 100 | G24: VIT120%補正。PT攻撃&被ダメカット付与、BST&SP減。 | H24: ゲームオリジナル | I24: 実装エレメント調査で解放。
A25: ホロウ・フラグメント(2014/Vita) | B25: 片手剣 | C25: ファントム・レイブ | D25: 斬 | E25: 6 | F25: 150 | G25: DEX130%+AGI120%補正。奥義技。 | H25: ゲームオリジナル
A26: ホロウ・フラグメント(2014/Vita) | B26: 曲刀 | C26: フェル・クレセント | D26: 斬 | E26: 1 | F26: 100 | G26: STR50%補正。高命中の範囲技、稀に束縛付与。 | H26: 原作にも登場
A27: ホロウ・フラグメント(2014/Vita) | B27: 曲刀 | C27: リーバー | D27: 斬 | E27: 2 | F27: 100 | G27: STR60%補正。範囲技、出血付与。 | H27: 原作技のアレンジ | I27: 原作では1ヒットの基本技。
A28: ホロウ・フラグメント(2014/Vita) | B28: 曲刀 | C28: ファラント・フルムーン | D28: 斬 | E28: 4 | F28: 100 | G28: STR70%補正。低スタン。 | H28: ゲームオリジナル
A29: ホロウ・フラグメント(2014/Vita) | B29: 曲刀 | C29: ベア・ノック | D29: 打 | E29: 4 | F29: 100 | G29: STR50%+AGI30%補正。範囲重攻撃技。 | H29: ゲームオリジナル
A30: ホロウ・フラグメント(2014/Vita) | B30: 曲刀 | C30: オーバル・クレセント | D30: 斬 | E30: 3 | F30: 100 | G30: 全ステータス30%補正。範囲技。 | H30: ゲームオリジナル
A31: ホロウ・フラグメント(2014/Vita) | B31: 曲刀 | C31: デス・クリープ | D31: 斬 | E31: 1 | F31: 100 | G31: STR80%補正。範囲技、回避DW付与。 | H31: ゲームオリジナル
A32: ホロウ・フラグメント(2014/Vita) | B32: 曲刀 | C32: レイジング・チョッパー | D32: 斬 | E32: 4 | F32: 100 | G32: STR50%+VIT40%補正。高命中。 | H32: ゲームオリジナル
A33: ホロウ・フラグメント(2014/Vita) | B33: 曲刀 | C33: ミリー・スラッシュ | D33: 斬 | E33: 4 | F33: 100 | G33: STR50%+AGI50%補正。重攻撃技。 | H33: ゲームオリジナル
A34: ホロウ・フラグメント(2014/Vita) | B34: 曲刀 | C34: ダンシング・ヘルレイザー | D34: 斬 | E34: 4 | F34: 100 | G34: DEX60%+AGI60%補正。高命中、防御力DW付与。 | H34: ゲームオリジナル | I34: HF新規スキル。
A35: ホロウ・フラグメント(2014/Vita) | B35: 曲刀 | C35: マーサクル・リッパー | D35: 斬 | E35: 4 | F35: 100 | G35: STR60%+VIT60%補正。自身リスク低減効果。 | H35: ゲームオリジナル | I35: 実装エレメント調査で解放。
A36: ホロウ・フラグメント(2014/Vita) | B36: 曲刀 | C36: レギオン・デストロイヤー | D36: 斬 | E36: 7 | F36: 150 | G36: STR70%+VIT70%補正。奥義技、出血付与。 | H36: ゲームオリジナル
A37: ホロウ・フラグメント(2014/Vita) | B37: 細剣 | C37: リニアー | D37: 突 | E37: 1 | F37: 100 | G37: DEX50%補正。範囲技、稀に束縛付与。 | H37: 原作にも登場
A38: ホロウ・フラグメント(2014/Vita) | B38: 細剣 | C38: ストリーク | D38: 斬 | E38: 1 | F38: 100 | G38: DEX30%+AGI30%補正。高命中の範囲技。 | H38: 原作にも登場
A39: ホロウ・フラグメント(2014/Vita) | B39: 細剣 | C39: アヴォーヴ | D39: 斬 | E39: 1 | F39: 100 | G39: DEX20%+AGI40%補正。低スタン。 | H39: ゲームオリジナル | I39: 前作インフィニティ・モーメント由来。
A40: ホロウ・フラグメント(2014/Vita) | B40: 細剣 | C40: オーバーラジェーション | D40: 突 | E40: 10 | F40: 100 | G40: DEX30%+AGI30%補正。重攻撃技。 | H40: ゲームオリジナル | I40: 前作インフィニティ・モーメント由来。
A41: ホロウ・フラグメント(2014/Vita) | B41: 細剣 | C41: リップ・ラヴィーネ | D41: 斬 | E41: 2 | F41: 100 | G41: DEX30%+AGI40%補正。攻撃速度DW付与。 | H41: ゲームオリジナル | I41: 前作インフィニティ・モーメント由来。
A42: ホロウ・フラグメント(2014/Vita) | B42: 細剣 | C42: スウィープ | D42: 斬 | E42: 2 | F42: 100 | G42: DEX30%+AGI50%補正。範囲技、暗闇Lv1付与。 | H42: ゲームオリジナル | I42: 前作インフィニティ・モーメント由来。
A43: ホロウ・フラグメント(2014/Vita) | B43: 細剣 | C43: アクセル・スタブ | D43: 突 | E43: 3 | F43: 100 | G43: DEX10%+AGI70%補正。重攻撃技(追撃増加)。 | H43: ゲームオリジナル
A44: ホロウ・フラグメント(2014/Vita) | B44: 細剣 | C44: ペネトレイト | D44: 突 | E44: 3 | F44: 100 | G44: AGI80%補正。高命中、防御力DW付与。 | H44: ゲームオリジナル
A45: ホロウ・フラグメント(2014/Vita) | B45: 細剣 | C45: スピカ・キャリバー | D45: 突 | E45: 5 | F45: 100 | G45: STR120%補正。重突進攻撃、攻撃&回避DW付与。 | H45: ゲームオリジナル | I45: HF新規スキル。
A46: ホロウ・フラグメント(2014/Vita) | B46: 細剣 | C46: デルタ・アタック | D46: 斬 | E46: 3 | F46: 100 | G46: 全ステータス40%補正。範囲重攻撃技、回避DW付与。 | H46: ゲームオリジナル
A47: ホロウ・フラグメント(2014/Vita) | B47: 細剣 | C47: ヴァルキリー・ナイツ | D47: 突 | E47: 9 | F47: 100 | G47: AGI100%補正。多段多重攻撃、自身高速化。 | H47: ゲームオリジナル | I47: 実装エレメント調査で解放。
A48: ホロウ・フラグメント(2014/Vita) | B48: 細剣 | C48: フラッシング・ペネトレイター | D48: 突 | E48: 9 | F48: 150 | G48: DEX40%+AGI140%補正。奥義技。 | H48: 原作技のアレンジ | I48: 原作では1ヒットの超高速突進。
A49: ホロウ・フラグメント(2014/Vita) | B49: 二刀流 | C49: エンド・リボルバー | D49: 斬 | E49: 2 | F49: 100 | G49: AGI40%補正。範囲技、稀に束縛付与。 | H49: ゲームオリジナル
A50: ホロウ・フラグメント(2014/Vita) | B50: 二刀流 | C50: カウントレス・スパイク | D50: 斬 | E50: 4 | F50: 100 | G50: DEX40%補正。高命中の範囲技。 | H50: ゲームオリジナル
A51: ホロウ・フラグメント(2014/Vita) | B51: 二刀流 | C51: ローカス・ヘクセドラ | D51: 斬 | E51: 7 | F51: 100 | G51: STR30%+AGI20%補正。麻痺付与。 | H51: ゲームオリジナル
A52: ホロウ・フラグメント(2014/Vita) | B52: 二刀流 | C52: デプス・インパクト | D52: 斬 | E52: 5 | F52: 100 | G52: STR70%補正。防御力DW付与。 | H52: ゲームオリジナル
A53: ホロウ・フラグメント(2014/Vita) | B53: 二刀流 | C53: デッド・インターセクション | D53: 斬 | E53: 5 | F53: 100 | G53: 全ステータス20%補正。攻撃力DW付与。 | H53: ゲームオリジナル
A54: ホロウ・フラグメント(2014/Vita) | B54: 二刀流 | C54: シャイン・サーキュラー | D54: 斬 | E54: 15 | F54: 100 | G54: DEX20%+AGI40%補正。暗闇Lv1付与。 | H54: ゲームオリジナル
A55: ホロウ・フラグメント(2014/Vita) | B55: 二刀流 | C55: クリムゾン・スプラッシュ | D55: 斬 | E55: 8 | F55: 100 | G55: DEX80%補正。重攻撃技。 | H55: ゲームオリジナル
A56: ホロウ・フラグメント(2014/Vita) | B56: 二刀流 | C56: インフェルノ・レイド | D56: 斬 | E56: 9 | F56: 100 | G56: STR30%+DEX60%補正。高命中技。 | H56: ゲームオリジナル
A57: ホロウ・フラグメント(2014/Vita) | B57: 二刀流 | C57: スターバースト・ストリーム | D57: 斬 | E57: 16 | F57: 150 | G57: DEX50%+AGI30%補正。奥義技(攻撃速度UP)。 | H57: 原作にも登場 | I57: ヒット数は原作準拠の16連撃。
A58: ホロウ・フラグメント(2014/Vita) | B58: 二刀流 | C58: ナイトメア・レイン | D58: 斬 | E58: 16 | F58: 100 | G58: STR60%+AGI20%補正。高命中技。 | H58: ゲームオリジナル | I58: HF新規スキル。
A59: ホロウ・フラグメント(2014/Vita) | B59: 二刀流 | C59: ブラックハウリング・アサルト | D59: 斬 | E59: 18 | F59: 100 | G59: DEX80%補正。ヒット時バーストゲージ回復。 | H59: ゲームオリジナル | I59: 実装エレメント調査で解放。
A60: ホロウ・フラグメント(2014/Vita) | B60: 二刀流 | C60: ジ・イクリプス | D60: 斬 | E60: 27 | F60: 150 | G60: AGI80%補正。奥義技。 | H60: 原作にも登場 | I60: ヒット数は原作準拠の27連撃。
A61: ホロウ・フラグメント(2014/Vita) | B61: 片手棍 | C61: サイレント・ブロウ | D61: 打 | E61: 1 | F61: 100 | G61: STR50%+DEX50%補正。範囲技、稀に束縛付与。 | H61: ゲームオリジナル
A62: ホロウ・フラグメント(2014/Vita) | B62: 片手棍 | C62: パワー・ストライク | D62: 打 | E62: 1 | F62: 100 | G62: STR100%補正。範囲技、低スタン。 | H62: ゲームオリジナル
A63: ホロウ・フラグメント(2014/Vita) | B63: 片手棍 | C63: アッパー・スウィング | D63: 打 | E63: 2 | F63: 100 | G63: AGI40%+VIT60%補正。高命中、低スタン。 | H63: ゲームオリジナル
A64: ホロウ・フラグメント(2014/Vita) | B64: 片手棍 | C64: ストライク・ハート | D64: 打 | E64: 3 | F64: 100 | G64: STR60%+DEX50%補正。SP減少付与、スタン。 | H64: ゲームオリジナル
A65: ホロウ・フラグメント(2014/Vita) | B65: 片手棍 | C65: ダイアストロフィズム | D65: 打 | E65: 5 | F65: 100 | G65: STR30%+VIT80%補正。SPMAX DW付与。 | H65: ゲームオリジナル
A66: ホロウ・フラグメント(2014/Vita) | B66: 片手棍 | C66: トライス・ブロウ | D66: 打 | E66: 3 | F66: 100 | G66: STR110%補正。リスク増加付与、低スタン。 | H66: ゲームオリジナル
A67: ホロウ・フラグメント(2014/Vita) | B67: 片手棍 | C67: ブルータル・ストライク | D67: 打 | E67: 3 | F67: 100 | G67: AGI50%+VIT60%補正。リスク増加付与。 | H67: ゲームオリジナル
A68: ホロウ・フラグメント(2014/Vita) | B68: 片手棍 | C68: トリニティ・アーツ | D68: 打 | E68: 3 | F68: 100 | G68: AGI60%+VIT50%補正。重攻撃技。 | H68: ゲームオリジナル
A69: ホロウ・フラグメント(2014/Vita) | B69: 片手棍 | C69: ハートビートブレイカー | D69: 打 | E69: 8 | F69: 100 | G69: VIT110%補正。PTリジェネ、攻撃間隔短縮、防御DW。 | H69: ゲームオリジナル | I69: 実装エレメント調査で解放。
A70: ホロウ・フラグメント(2014/Vita) | B70: 片手棍 | C70: ミョルニルハンマー | D70: 打 | E70: 4 | F70: 100 | G70: STR70%+VIT40%補正。行動阻害技。 | H70: ゲームオリジナル | I70: HF新規スキル。
A71: ホロウ・フラグメント(2014/Vita) | B71: 片手棍 | C71: ヴァリアブル・ブロウ | D71: 打 | E71: 8 | F71: 150 | G71: AGI70%+VIT60%補正。奥義技。 | H71: ゲームオリジナル
A72: ホロウ・フラグメント(2014/Vita) | B72: 両手斧 | C72: ワール・ウィンド | D72: 斬 | E72: 2 | F72: 100 | G72: STR50%+VIT50%補正。全方位範囲技。 | H72: 原作技のアレンジ | I72: 原作では1ヒットの回転薙ぎ。
A73: ホロウ・フラグメント(2014/Vita) | B73: 両手斧 | C73: グランド・ディストラクト | D73: 斬 | E73: 1 | F73: 100 | G73: STR30%+VIT30%補正。高命中の範囲技。 | H73: ゲームオリジナル
A74: ホロウ・フラグメント(2014/Vita) | B74: 両手斧 | C74: スマッシュ | D74: 斬 | E74: 1 | F74: 100 | G74: AGI30%+VIT50%補正。範囲技。 | H74: ゲームオリジナル
A75: ホロウ・フラグメント(2014/Vita) | B75: 両手斧 | C75: ランパー・ジャック | D75: 斬 | E75: 3 | F75: 100 | G75: STR120%補正。回避DW付与。 | H75: ゲームオリジナル
A76: ホロウ・フラグメント(2014/Vita) | B76: 両手斧 | C76: アルティメット・ブレイカー | D76: 斬 | E76: 3 | F76: 100 | G76: STR130%補正。低スタン。 | H76: ゲームオリジナル
A77: ホロウ・フラグメント(2014/Vita) | B77: 両手斧 | C77: クレセント・アバランシュ | D77: 斬 | E77: 7 | F77: 100 | G77: STR90%補正。重攻撃技。 | H77: ゲームオリジナル | I77: 名称は原作両手剣技アバランシュを想起させるがゲーム独自。
A78: ホロウ・フラグメント(2014/Vita) | B78: 両手斧 | C78: クリムゾン・ブラッド | D78: 斬 | E78: 3 | F78: 100 | G78: 全ステータス40%補正。防御力DW付与。 | H78: ゲームオリジナル
A79: ホロウ・フラグメント(2014/Vita) | B79: 両手斧 | C79: トランプル・アクト | D79: 斬 | E79: 3 | F79: 100 | G79: STR80%+VIT80%補正。超重攻撃技(低命中)。 | H79: ゲームオリジナル
A80: ホロウ・フラグメント(2014/Vita) | B80: 両手斧 | C80: エクスプロード・カタパルト | D80: 斬 | E80: 3 | F80: 100 | G80: STR150%補正。超命中技。 | H80: ゲームオリジナル | I80: HF新規スキル。
A81: ホロウ・フラグメント(2014/Vita) | B81: 両手斧 | C81: ディザスターホロウ | D81: 斬 | E81: 8 | F81: 100 | G81: VIT140%補正。HP比率ダメージ、HP上昇&自身出血。 | H81: ゲームオリジナル | I81: 実装エレメント調査で解放。
A82: ホロウ・フラグメント(2014/Vita) | B82: 両手斧 | C82: ダイナミック・ヴァイオレンス | D82: 斬 | E82: 4 | F82: 150 | G82: STR80%+VIT80%補正。奥義技。 | H82: ゲームオリジナル
A83: ホロウ・フラグメント(2014/Vita) | B83: 槍 | C83: ツイン・スラスト | D83: 突 | E83: 2 | F83: 80 | G83: 全ステータス15%補正。高命中範囲技、麻痺付与。 | H83: ゲームオリジナル
A84: ホロウ・フラグメント(2014/Vita) | B84: 槍 | C84: ヘリカル・トワイス | D84: 突 | E84: 2 | F84: 80 | G84: 全ステータス15%補正。全方位範囲技。 | H84: ゲームオリジナル
A85: ホロウ・フラグメント(2014/Vita) | B85: 槍 | C85: ソニック・チャージ | D85: 突 | E85: 1 | F85: 90 | G85: 全ステータス20%補正。範囲技、攻撃速度DW付与。 | H85: ゲームオリジナル
A86: ホロウ・フラグメント(2014/Vita) | B86: 槍 | C86: フェイタル・スラスト | D86: 突 | E86: 1 | F86: 90 | G86: 全ステータス25%補正。範囲技、暗闇Lv3付与。 | H86: ゲームオリジナル
A87: ホロウ・フラグメント(2014/Vita) | B87: 槍 | C87: リヴォーブ・アーツ | D87: 突 | E87: 5 | F87: 100 | G87: 全ステータス30%補正。範囲技、攻撃力DW付与。 | H87: ゲームオリジナル
A88: ホロウ・フラグメント(2014/Vita) | B88: 槍 | C88: ヴェント・フォース | D88: 突 | E88: 4 | F88: 100 | G88: 全ステータス30%補正。範囲技、回避DW付与。 | H88: ゲームオリジナル
A89: ホロウ・フラグメント(2014/Vita) | B89: 槍 | C89: ダンシング・スピア | D89: 突 | E89: 5 | F89: 100 | G89: 全ステータス40%補正。範囲技、防御DW付与。 | H89: ゲームオリジナル
A90: ホロウ・フラグメント(2014/Vita) | B90: 槍 | C90: トリップ・エクスパンド | D90: 突 | E90: 6 | F90: 100 | G90: 全ステータス40%補正。命中DW付与、スタン。 | H90: ゲームオリジナル | I90: HF新規スキル。
A91: ホロウ・フラグメント(2014/Vita) | B91: 槍 | C91: ジャッジメント・ピアッサー | D91: 突 | E91: 7 | F91: 100 | G91: 全ステータス35%補正。攻撃力DW付与、状態異常命中+。 | H91: ゲームオリジナル | I91: 実装エレメント調査で解放。
A92: ホロウ・フラグメント(2014/Vita) | B92: 槍 | C92: ディメンション・スタンピード | D92: 突 | E92: 6 | F92: 150 | G92: 全ステータス45%補正。奥義技。 | H92: ゲームオリジナル
A93: ホロウ・フラグメント(2014/Vita) | B93: 刀 | C93: 旋車 | D93: 斬 | E93: 1 | F93: 70 | G93: DEX100%補正。高命中の範囲技。 | H93: 原作にも登場
A94: ホロウ・フラグメント(2014/Vita) | B94: 刀 | C94: 浮舟 | D94: 斬 | E94: 1 | F94: 90 | G94: STR50%+VIT50%補正。範囲技、出血付与。 | H94: 原作にも登場
A95: ホロウ・フラグメント(2014/Vita) | B95: 刀 | C95: 緋扇 | D95: 斬 | E95: 3 | F95: 90 | G95: STR50%+DEX60%補正。リスク増加、出血付与。 | H95: 原作にも登場
A96: ホロウ・フラグメント(2014/Vita) | B96: 刀 | C96: 辻風 | D96: 斬 | E96: 1 | F96: 90 | G96: DEX50%+AGI60%補正。低スタン、出血付与。 | H96: 原作にも登場
A97: ホロウ・フラグメント(2014/Vita) | B97: 刀 | C97: 幻月 | D97: 斬 | E97: 2 | F97: 90 | G97: DEX50%+AGI60%補正。暗闇Lv2、出血付与。 | H97: 原作技のアレンジ | I97: 原作では1ヒットの半円軌道。
A98: ホロウ・フラグメント(2014/Vita) | B98: 刀 | C98: 鷲羽 | D98: 斬 | E98: 5 | F98: 100 | G98: STR70%+DEX40%補正。出血付与。 | H98: ゲームオリジナル
A99: ホロウ・フラグメント(2014/Vita) | B99: 刀 | C99: 羅刹 | D99: 斬 | E99: 3 | F99: 100 | G99: STR60%+VIT60%補正。防御力DW、出血付与。 | H99: ゲームオリジナル
A100: ホロウ・フラグメント(2014/Vita) | B100: 刀 | C100: 暁零 | D100: 斬 | E100: 3 | F100: 100 | G100: STR150%補正。ヒット時SP回復&BST遅延。 | H100: ゲームオリジナル | I100: 実装エレメント調査で解放。
...
